Workbook

Sheet Dados_-_Análise
C1: REGISTRO TÉCNICO – DETERMINAÇÃO DE MATÉRIA ORGÂNICA | J1: CÓDIGO: FOR 7.5 - 0802
J3: REVISÃO 02
A6: Data: | B6: 46122 | C6: Horário inicial: | D6: 0.36111111 | E6: Assinatura do Responsável: | F6: VLR
A7: Temperatura (°C): | B7: 22.4 | C7: Horário final: | D7: 0.45833333 | E7: Data Curva de calibração: | F7: 46118
A8: Umidade (%): | B8: 0.54 | C8: Análise realizada por: | D8: Rafael
A12: Curva de Calibração | E12: Regressão Linear (curva titulação)
A13: Amostra | B13: Absorção | C13: Concentração (g/dm3) | E13: Coeficientes | F13: Valores
A14: 630 | B14: 0.032 | C14: 8.508 | E14: a | F14: =SLOPE(B14:B20,C14:C20) -> 0.0055231143
A15: 634 | B15: 0.074 | C15: 16.212 | E15: b | F15: =INTERCEPT(B14:B20,C14:C20) -> -0.018759814
A16: 583 | B16: 0.108 | C16: 22.911 | E16: R | F16: =CORREL(B14:B20,C14:C20) -> 0.9958082
A17: 597 | B17: 0.145 | C17: 31.62 | E17: R² | F17: =CORREL(B14:B20,C14:C20)^2 -> 0.99163396
A18: 617 | B18: 0.182 | C18: 38.319
A19: 611 | B19: 0.243 | C19: 45.018
A20: 652 | B20: 0.295 | C20: 56.549
A22: Análise amostras
A23: ID amostra | B23: Absorção | C23: Concentração (g/dm³)
A25: Branco 09/04/2026
A26: Varzea | B26: 0.15 | C26: =((B26)-($F$15))/$F$14 -> 30.555191
A27: Sand | B27: 0.081 | C27: =((B27)-($F$15))/$F$14 -> 18.06224
A28: Clay | B28: 0.158 | C28: =((B28)-($F$15))/$F$14 -> 32.003649
A29: PL 350 | B29: 0.064 | C29: =((B29)-($F$15))/$F$14 -> 14.984266
A30: PL 651 | B30: 0.149 | C30: =((B30)-($F$15))/$F$14 -> 30.374134
A31: IAC 677 | B31: 0.116 | C31: =((B31)-($F$15))/$F$14 -> 24.399244
A32: IAC 678 | B32: 0.15 | C32: =((B32)-($F$15))/$F$14 -> 30.555191
A33: IAC 679 | B33: 0.085 | C33: =((B33)-($F$15))/$F$14 -> 18.786469
A34: IAC 680 | B34: 0.202 | C34: =((B34)-($F$15))/$F$14 -> 39.970169
A35: c0001|220|02|A6 | B35: 0.067 | C35: =((B35)-($F$15))/$F$14 -> 15.527438
A36: c0003|220|02|A6 | B36: 0.046 | C36: =((B36)-($F$15))/$F$14 -> 11.725235
A37: c0005|220|02|A6 | B37: 0.027 | C37: =((B37)-($F$15))/$F$14 -> 8.2851471
... A126: c0030|220|04|A4 | B126: 0.055 | C126: =((B126)-($F$15))/$F$14 -> 13.354751

Sheet Verificaçao
C3: Parâmetro: MO
D5: 1ª leitura | E5: 1ª leitura | F5: 1ª leitura | G5: 1ª leitura | H5: 1ª leitura
C6: Referência | D6: PAQLF | E6: IAC | F6: Interno | G6: Interno | H6: Interno
C7: PL | D7: 350 | E7: 651 | F7: Varzea | G7: Sand | H7: Clay
C8: Mínimo | D8: 9.98 | E8: 23.5
C9: Média | D9: 14.712 | E9: 29.21 | F9: 34.41 | G9: 20.29 | H9: 37.59
C10: Máximo | D10: 19.443 | E10: 34.9
C11: Experimental | D11: ='Dados_-_Análise'!C29 -> 14.984266 | E11: ='Dados_-_Análise'!C30 -> 30.374134 | F11: ='Dados_-_Análise'!C26 -> 30.555191 | G11: ='Dados_-_Análise'!C27 -> 18.06224 | H11: ='Dados_-_Análise'!C28 -> 32.003649
C12: Recuperação | D12: =(D11/D9)*100 -> 101.85064 | E12: =(E11/E9)*100 -> 103.9854 | F12: =(F11/F9)*100 -> 88.797417 | G12: =(G11/G9)*100 -> 89.020402 | H12: =(H11/H9)*100 -> 85.138732
